map,x,y,radius,openerId,loopId
P200_Collosseum.map,130,105,28,240,241
P200_Collosseum.map,130,150,26,240,241
P200_Collosseum.map,119,128,8,240,241
P201_Blackwater_Coast.map,165,216,18,35,10
P201_Blackwater_Coast.map,86,71,24,119,10
P201_Blackwater_Coast.map,153,55,20,206,216
P201_Blackwater_Coast.map,160,71,12,206,216
P201_Blackwater_Coast.map,167,84,12,206,216
P201_Blackwater_Coast.map,177,95,15,206,216
P201_Blackwater_Coast.map,191,106,30,206,216
P201_Blackwater_Coast.map,217,102,19,206,216
P201_Blackwater_Coast.map,218,39,50,35,10
P202_City_Of_Souls.map,376,259,100,116,124
P202_City_Of_Souls.map,4,403,270,208,227
P203_Onyx_Shores.map,102,394,80,130,133
P203_Onyx_Shores.map,189,388,38,130,133
P203_Onyx_Shores.map,279,399,65,130,133
P203_Onyx_Shores.map,356,368,55,130,133
P203_Onyx_Shores.map,420,386,60,130,133
P204_Empyria.map,175,332,20,242,243
P204_Empyria.map,175,317,20,242,243
P204_Empyria.map,175,300,20,242,243
P204_Empyria.map,175,280,20,242,243
P205_Dryad_Cove.map,233,427,35,35,10
P205_Dryad_Cove.map,167,317,20,20,40
P205_Dryad_Cove.map,129,322,30,20,40
P205_Dryad_Cove.map,136,293,20,20,40
P205_Dryad_Cove.map,136,270,25,20,40
P205_Dryad_Cove.map,227,274,30,35,10
P206_Red_Waste.map,160,150,24,35,10
P206_Red_Waste.map,76,310,15,114,122
P206_Red_Waste.map,86,297,20,114,122
P206_Red_Waste.map,104,289,35,114,122
P206_Red_Waste.map,134,298,30,114,122
P206_Red_Waste.map,305,153,50,116,124
P206_Red_Waste.map,507,350,320,211,220
P207_Raven_Pass.map,374,42,150,35,10
P207_Raven_Pass.map,210,77,40,35,10
P207_Raven_Pass.map,111,141,40,21,41
P207_Raven_Pass.map,118,180,50,21,41
P207_Raven_Pass.map,176,300,40,26,46
P207_Raven_Pass.map,193,444,60,49,56
P207_Raven_Pass.map,250,444,60,49,56
P207_Raven_Pass.map,310,444,60,49,56
P207_Raven_Pass.map,353,433,60,49,56
P208_Blazing_Stones.map,169,277,10,54,61
P208_Blazing_Stones.map,170,264,20,54,61
P208_Blazing_Stones.map,262,82,32,54,61
P208_Blazing_Stones.map,31,36,260,54,61
P208_Blazing_Stones.map,425,416,75,13,219
P208_Blazing_Stones.map,390,390,65,13,219
P208_Blazing_Stones.map,353,339,30,13,219
P209_Kathai.map,388,129,30,209,10
P209_Kathai.map,396,428,66,25,10
P209_Kathai.map,49,442,20,35,10
P209_Kathai.map,412,267,50,212,10
P209_Kathai.map,72,348,15,242,243
P209_Kathai.map,190,429,15,242,243
P210_The_Clockwork_Crypts.map,139,360,40,213,221
P210_The_Clockwork_Crypts.map,223,359,40,35,10
P210_The_Clockwork_Crypts.map,310,366,40,210,219
P210_The_Clockwork_Crypts.map,138,274,40,21,41
P210_The_Clockwork_Crypts.map,223,275,40,114,122
P210_The_Clockwork_Crypts.map,313,278,40,35,10
P210_The_Clockwork_Crypts.map,310,188,40,26,46
P210_The_Clockwork_Crypts.map,225,187,40,118,126
P210_The_Clockwork_Crypts.map,138,189,40,35,10
P210_The_Clockwork_Crypts.map,438,423,70,130,133
P210_The_Clockwork_Crypts.map,433,372,75,130,133
P210_The_Clockwork_Crypts.map,426,300,80,130,133
P210_The_Clockwork_Crypts.map,426,220,80,130,133
P210_The_Clockwork_Crypts.map,437,120,80,130,133
P211_Darkwind_Keep.map,406,243,20,35,10
P211_Darkwind_Keep.map,422,225,10,35,10
P211_Darkwind_Keep.map,431,213,10,35,10
P211_Darkwind_Keep.map,180,131,25,13,10
P211_Darkwind_Keep.map,288,91,30,131,134
P211_Darkwind_Keep.map,320,90,20,131,134
P211_Darkwind_Keep.map,354,92,45,131,134
P212_The_Gorge.map,257,243,100,211,220
P212_The_Gorge.map,88,93,90,54,61
P212_The_Gorge.map,432,98,80,20,40
P212_The_Gorge.map,263,58,70,35,10
P213_The_Bone_Temple.map,444,229,60,207,216
P213_The_Bone_Temple.map,430,192,50,207,216
P213_The_Bone_Temple.map,483,100,80,207,216
P213_The_Bone_Temple.map,109,409,100,70,71
P213_The_Bone_Temple.map,195,415,70,70,71
P213_The_Bone_Temple.map,122,150,125,210,219
P101_Mirraw_Thur.map,101,369,30,35,10
P101_Mirraw_Thur.map,271,289,43,13,10
P101_Mirraw_Thur.map,228,295,35,13,10
P101_Mirraw_Thur.map,205,285,28,13,10
P102_Stormcleaver_Rocks.map,136,104,14,35,10
P102_Stormcleaver_Rocks.map,123,108,18,35,10
P102_Stormcleaver_Rocks.map,300,392,20,95,10
P102_Stormcleaver_Rocks.map,318,388,8,95,10
P102_Stormcleaver_Rocks.map,183,378,20,35,10
P102_Stormcleaver_Rocks.map,194,346,20,35,10
P103_Echo_Swamps.map,510,409,210,114,122
P103_Echo_Swamps.map,94,249,80,48,55
P104_Frostfall.map,370,1,270,54,61
P104_Frostfall.map,164,284,70,131,134
P104_Frostfall.map,90,510,160,131,134
P104_Frostfall.map,228,426,60,131,134
P104_Frostfall.map,339,436,50,131,134
P104_Frostfall.map,508,508,140,131,134
P105_Tirganach.map,240,255,65,120,128
P105_Tirganach.map,240,330,35,118,126
P105_Tirganach.map,208,327,40,118,126
P105_Tirganach.map,284,350,30,118,126
P105_Tirganach.map,299,372,32,118,126
P108_Fastholme.map,135,342,70,119,10
P108_Fastholme.map,367,276,130,116,124
P109_Nevershade_Frontier.map,100,115,110,51,58
P109_Nevershade_Frontier.map,100,225,110,51,58
P109_Nevershade_Frontier.map,130,305,110,51,58
P109_Nevershade_Frontier.map,135,385,140,51,58
P110_Shaldun.map,381,274,140,117,125
P110_Shaldun.map,142,254,30,21,41
P110_Shaldun.map,142,224,30,21,41
P111_Firefangs.map,308,107,60,20,40
P111_Firefangs.map,360,168,15,20,40
P111_Firefangs.map,242,361,50,35,10
P113_The_Abyss.map,153,209,40,118,126
P113_The_Abyss.map,184,203,40,118,126
P113_The_Abyss.map,210,210,20,118,126
P113_The_Abyss.map,230,210,20,118,126
P113_The_Abyss.map,250,210,20,118,126
P113_The_Abyss.map,290,220,40,118,126
P113_The_Abyss.map,323,236,25,118,126
P113_The_Abyss.map,297,177,30,118,126
P113_The_Abyss.map,331,154,15,118,126
P113_The_Abyss.map,265,282,30,118,126
P113_The_Abyss.map,264,308,30,118,126
P115_Frostweaver_Rift.map,19,232,105,35,10
P115_Frostweaver_Rift.map,80,136,30,35,10
P115_Frostweaver_Rift.map,122,216,30,35,10
000_Greyfell.map,425,310,45,95,10
000_Greyfell.map,425,270,45,95,10
000_Greyfell.map,425,230,45,95,10
000_Greyfell.map,425,190,45,95,10
000_Greyfell.map,425,160,45,95,10
001_liannon.map,160,101,22,27,47
001_liannon.map,146,88,5,27,47
002_eloni.map,222,265,65,35,10
002_eloni.map,130,324,62,2,36
002_eloni.map,252,392,85,26,10
002_eloni.map,418,405,120,26,10
003_leafshade.map,460,380,215,54,61
004_the_shiel.map,375,340,80,21,41
004_the_shiel.map,510,300,90,21,41
004_the_shiel.map,298,150,30,102,10
005_wildland_pass.map,93,290,25,22,42
005_wildland_pass.map,80,278,20,22,42
005_wildland_pass.map,75,263,22,22,42
005_wildland_pass.map,271,265,43,70,71
005_wildland_pass.map,299,221,55,70,71
005_wildland_pass.map,169,234,80,70,71
005_wildland_pass.map,207,364,60,70,71
005_wildland_pass.map,145,330,45,70,71
006_icegate_marsh.map,503,508,450,49,56
007_northern_windwalls.map,267,375,60,95,96
007_northern_windwalls.map,425,11,300,20,40
007_northern_windwalls.map,182,200,13,20,40
007_northern_windwalls.map,195,200,16,20,40
008_southern_windwalls.map,322,494,20,80,10
008_southern_windwalls.map,334,484,20,80,10
008_southern_windwalls.map,350,475,15,80,10
008_southern_windwalls.map,368,478,30,80,10
008_southern_windwalls.map,676,474,160,53,60
008NP_stoneblade_mountain.map,362,306,80,19,39
008NP_stoneblade_mountain.map,150,409,190,52,59
009_greydusk_vale.map,96,219,70,50,57
009_greydusk_vale.map,139,160,40,50,57
009_greydusk_vale.map,96,290,60,50,57
009_greydusk_vale.map,95,350,65,50,57
009_greydusk_vale.map,219,283,26,25,10
009_greydusk_vale.map,240,284,10,25,10
009_greydusk_vale.map,250,284,8,25,10
009_greydusk_vale.map,260,284,8,25,10
009_greydusk_vale.map,174,284,18,98,10
012_howling_mounds.map,318,270,70,21,41
012_howling_mounds.map,318,200,70,21,41
012_howling_mounds.map,430,240,50,13,38
013_whisper.map,420,20,195,35,10
014_the_godwall.map,175,195,40,76,10
014_the_godwall.map,195,170,15,76,10
014_the_godwall.map,210,170,15,76,10
014_the_godwall.map,225,170,15,76,10
014_the_godwall.map,240,175,15,76,10
014_the_godwall.map,240,75,40,48,55
014_the_godwall.map,280,75,40,48,55
014_the_godwall.map,330,78,20,48,55
014_the_godwall.map,113,316,54,48,55
014_the_godwall.map,79,342,30,48,55
016_mulandir.map,245,310,50,26,46
016_mulandir.map,202,317,20,26,46
016_mulandir.map,280,335,35,26,46
016_mulandir.map,310,350,40,26,46
016_mulandir.map,343,378,50,26,46
016_mulandir.map,391,410,70,26,46
018_farlorns_hope.map,98,320,30,23,10
018_farlorns_hope.map,119,298,20,23,10
018_farlorns_hope.map,72,334,30,23,10
018_farlorns_hope.map,260,202,47,50,57
018_farlorns_hope.map,266,302,20,20,40
018_farlorns_hope.map,263,324,30,20,40
018_farlorns_hope.map,260,354,50,20,40
018_farlorns_hope.map,256,397,50,20,40
019_the_rift.map,250,260,140,21,41
021_southern_godmark.map,380,50,40,25,10
021_southern_godmark.map,384,160,65,35,10
021_southern_godmark.map,396,394,90,52,59
021_southern_godmark.map,320,394,90,52,59
021_southern_godmark.map,250,394,90,52,59
023_nightwhisper_dale.map,153,95,35,100,101
023_nightwhisper_dale.map,217,317,60,35,10
023_nightwhisper_dale.map,130,405,80,26,46
027_sharrowdale.map,155,31,70,35,10
027_sharrowdale.map,323,390,70,54,61
027_sharrowdale.map,370,368,60,54,61
027_sharrowdale.map,403,370,80,54,61

